{
  "workDayStdev": {
    "min": 0.7216878364870323,
    "p25": 1.0117976623598306,
    "median": 1.2272623352430283,
    "mean": 2.3618609324742446,
    "max": 7.969316156358713
  },
  "nightStdev": {
    "min": 0,
    "p25": 0,
    "median": 3.742023982315582,
    "mean": 2.7992075323713093,
    "max": 4.554454473979903
  },
  "weekendStdev": {
    "min": 2.318404623873926,
    "p25": 3.200222900330067,
    "median": 3.278719262151,
    "mean": 3.4413665533422217,
    "max": 4.732863826479693
  },
  "activeDriverRate": {
    "min": 1,
    "p25": 1,
    "median": 1,
    "mean": 1,
    "max": 1
  },
  "idleDriverCount": {
    "min": 0,
    "p25": 0,
    "median": 0,
    "mean": 0,
    "max": 0
  },
  "unfilledRate": {
    "min": 0,
    "p25": 0.036231884057971016,
    "median": 0.1,
    "mean": 0.09553304629131891,
    "max": 0.22637590861889928
  },
  "homeBusRate": {
    "min": 0.324,
    "p25": 0.438,
    "median": 0.538,
    "mean": 0.5714761904761906,
    "max": 0.85
  },
  "crossRouteRate": {
    "min": 0,
    "p25": 0,
    "median": 0.046,
    "mean": 0.07847619047619048,
    "max": 0.238
  },
  "hardViolationCount": {
    "min": 0,
    "p25": 0,
    "median": 0,
    "mean": 3.5714285714285716,
    "max": 17
  },
  "constitutionalViolationCount": {
    "min": 4,
    "p25": 8,
    "median": 60,
    "mean": 44.857142857142854,
    "max": 83
  },
  "restCycleCompliance": {
    "min": 1,
    "p25": 1,
    "median": 1,
    "mean": 1,
    "max": 1
  },
  "compositeScore": {
    "min": 0,
    "p25": 23.2,
    "median": 27,
    "mean": 28.76666666666667,
    "max": 61.7
  },
  "spareUtilizationRate": {
    "min": 0.342566943674977,
    "p25": 0.7799442896935933,
    "median": 0.9169157202630006,
    "mean": 0.8244140604783853,
    "max": 1
  },
  "dayOffSatisfactionRate": null,
  "preferenceSatisfactionRate": {
    "min": 0.34848484848484845,
    "p25": 0.6774170274170275,
    "median": 0.8421052631578947,
    "mean": 0.7890590468232052,
    "max": 1
  }
}