{
  "workDayStdev": {
    "min": 0.385694607919935,
    "p25": 0.9799817911643361,
    "median": 1.1560481902824251,
    "mean": 2.061580552594311,
    "max": 7.000593564070655
  },
  "nightStdev": {
    "min": 0,
    "p25": 0,
    "median": 3.8437449186958283,
    "mean": 2.7750588937816736,
    "max": 4.227975078090207
  },
  "weekendStdev": {
    "min": 2.2744962812309306,
    "p25": 3.2012394293925475,
    "median": 3.294905368001189,
    "mean": 3.3549428840989868,
    "max": 4.645910840150297
  },
  "activeDriverRate": {
    "min": 1,
    "p25": 1,
    "median": 1,
    "mean": 1,
    "max": 1
  },
  "idleDriverCount": {
    "min": 0,
    "p25": 0,
    "median": 0,
    "mean": 0,
    "max": 0
  },
  "unfilledRate": {
    "min": 0,
    "p25": 0.03103448275862069,
    "median": 0.1,
    "mean": 0.090165615778211,
    "max": 0.21547248182762202
  },
  "homeBusRate": {
    "min": 0.306,
    "p25": 0.422,
    "median": 0.521,
    "mean": 0.5442857142857143,
    "max": 0.85
  },
  "crossRouteRate": {
    "min": 0,
    "p25": 0,
    "median": 0.048,
    "mean": 0.08342857142857144,
    "max": 0.245
  },
  "hardViolationCount": {
    "min": 0,
    "p25": 0,
    "median": 0,
    "mean": 2.0952380952380953,
    "max": 8
  },
  "exemptedCount": {
    "min": 1,
    "p25": 1,
    "median": 1,
    "mean": 1,
    "max": 1
  },
  "constitutionalViolationCount": {
    "min": 3,
    "p25": 9,
    "median": 60,
    "mean": 44.19047619047619,
    "max": 83
  },
  "restCycleCompliance": {
    "min": 1,
    "p25": 1,
    "median": 1,
    "mean": 1,
    "max": 1
  },
  "compositeScore": {
    "min": 0,
    "p25": 24.7,
    "median": 29.3,
    "mean": 31.909523809523815,
    "max": 65.7
  },
  "spareUtilizationRate": {
    "min": 0.4110803324099723,
    "p25": 0.7777777777777778,
    "median": 0.9731804852039457,
    "mean": 0.8597520670459711,
    "max": 1
  },
  "dayOffSatisfactionRate": null,
  "preferenceSatisfactionRate": {
    "min": 0.34782608695652173,
    "p25": 0.675,
    "median": 0.7367141916054959,
    "mean": 0.770499905791448,
    "max": 1
  }
}