{
  "workDayStdev": {
    "min": 0.49792959773196915,
    "p25": 0.8529411764705884,
    "median": 0.9180538523962022,
    "mean": 1.2216159067006689,
    "max": 3.018869557831576
  },
  "nightStdev": {
    "min": 0,
    "p25": 0,
    "median": 3.057798187877263,
    "mean": 2.3052241426107316,
    "max": 3.882472633515914
  },
  "weekendStdev": {
    "min": 1.5832456116050555,
    "p25": 2.7238851247823175,
    "median": 2.8520825724372005,
    "mean": 2.700615258239709,
    "max": 3.07613456762157
  },
  "activeDriverRate": {
    "min": 1,
    "p25": 1,
    "median": 1,
    "mean": 1,
    "max": 1
  },
  "idleDriverCount": {
    "min": 0,
    "p25": 0,
    "median": 0,
    "mean": 0,
    "max": 0
  },
  "unfilledRate": {
    "min": 0.00966183574879227,
    "p25": 0.03505747126436782,
    "median": 0.09655172413793103,
    "mean": 0.09737040043993254,
    "max": 0.22481827622014539
  },
  "homeBusRate": {
    "min": 0.306,
    "p25": 0.398,
    "median": 0.472,
    "mean": 0.5067619047619049,
    "max": 0.751
  },
  "crossRouteRate": {
    "min": 0,
    "p25": 0.007,
    "median": 0.063,
    "mean": 0.09004761904761903,
    "max": 0.247
  },
  "hardViolationCount": {
    "min": 0,
    "p25": 0,
    "median": 0,
    "mean": 0.8571428571428571,
    "max": 7
  },
  "exemptedCount": {
    "min": 1,
    "p25": 1,
    "median": 1,
    "mean": 1,
    "max": 1
  },
  "constitutionalViolationCount": {
    "min": 0,
    "p25": 0,
    "median": 0,
    "mean": 0,
    "max": 0
  },
  "restCycleCompliance": {
    "min": 1,
    "p25": 1,
    "median": 1,
    "mean": 1,
    "max": 1
  },
  "compositeScore": {
    "min": 54.4,
    "p25": 60.9,
    "median": 62.2,
    "mean": 65.02857142857144,
    "max": 84.7
  },
  "spareUtilizationRate": {
    "min": 0.7174999999999999,
    "p25": 0.9210526315789473,
    "median": 0.9613259668508287,
    "mean": 0.928151368303481,
    "max": 1
  },
  "dayOffSatisfactionRate": null,
  "preferenceSatisfactionRate": {
    "min": 0.34848484848484845,
    "p25": 0.6632293431206474,
    "median": 0.7379485852311939,
    "mean": 0.7616638837240808,
    "max": 1
  }
}