{
  "workDayStdev": {
    "min": 0.7158188976374374,
    "p25": 1.0146506485519275,
    "median": 1.2030345001639706,
    "mean": 2.1239350597918003,
    "max": 7.000593564070655
  },
  "nightStdev": {
    "min": 0,
    "p25": 0,
    "median": 3.8303954189801273,
    "mean": 2.7064329744200633,
    "max": 4.148791772622389
  },
  "weekendStdev": {
    "min": 2.2744962812309306,
    "p25": 3.2093613071762426,
    "median": 3.3128849378706544,
    "mean": 3.415913142073164,
    "max": 4.645910840150297
  },
  "activeDriverRate": {
    "min": 1,
    "p25": 1,
    "median": 1,
    "mean": 1,
    "max": 1
  },
  "idleDriverCount": {
    "min": 0,
    "p25": 0,
    "median": 0,
    "mean": 0,
    "max": 0
  },
  "unfilledRate": {
    "min": 0,
    "p25": 0.051149425287356325,
    "median": 0.12357217030114226,
    "mean": 0.10540620796322225,
    "max": 0.23156801661474558
  },
  "homeBusRate": {
    "min": 0.309,
    "p25": 0.427,
    "median": 0.533,
    "mean": 0.5507619047619048,
    "max": 0.85
  },
  "crossRouteRate": {
    "min": 0,
    "p25": 0,
    "median": 0.047,
    "mean": 0.0849047619047619,
    "max": 0.25
  },
  "hardViolationCount": {
    "min": 0,
    "p25": 0,
    "median": 1,
    "mean": 2.8095238095238093,
    "max": 13
  },
  "exemptedCount": {
    "min": 1,
    "p25": 1,
    "median": 1,
    "mean": 1,
    "max": 1
  },
  "constitutionalViolationCount": {
    "min": 3,
    "p25": 9,
    "median": 60,
    "mean": 44.19047619047619,
    "max": 83
  },
  "restCycleCompliance": {
    "min": 1,
    "p25": 1,
    "median": 1,
    "mean": 1,
    "max": 1
  },
  "compositeScore": {
    "min": 0,
    "p25": 24.3,
    "median": 27.7,
    "mean": 30.571428571428573,
    "max": 66
  },
  "spareUtilizationRate": {
    "min": 0.4110803324099723,
    "p25": 0.7799442896935933,
    "median": 0.9254523783725214,
    "mean": 0.8424528840834149,
    "max": 1
  },
  "dayOffSatisfactionRate": null,
  "preferenceSatisfactionRate": {
    "min": 0.3333333333333333,
    "p25": 0.6745310245310244,
    "median": 0.7048088972431078,
    "mean": 0.7608031290666187,
    "max": 1
  }
}