{
  "workDayStdev": {
    "min": 0.385694607919935,
    "p25": 0.9999156651906579,
    "median": 1.1234866364235148,
    "mean": 1.304655737280299,
    "max": 2.892343508217702
  },
  "nightStdev": {
    "min": 0,
    "p25": 0,
    "median": 3.8634510900565973,
    "mean": 2.7959017926134133,
    "max": 4.24542032665789
  },
  "weekendStdev": {
    "min": 2.006655592438988,
    "p25": 3.0243700839070824,
    "median": 3.1943938782083428,
    "mean": 3.070345219776968,
    "max": 3.6295390504867506
  },
  "activeDriverRate": {
    "min": 1,
    "p25": 1,
    "median": 1,
    "mean": 1,
    "max": 1
  },
  "idleDriverCount": {
    "min": 0,
    "p25": 0,
    "median": 0,
    "mean": 0,
    "max": 0
  },
  "unfilledRate": {
    "min": 0,
    "p25": 0.03103448275862069,
    "median": 0.1,
    "mean": 0.090165615778211,
    "max": 0.21547248182762202
  },
  "homeBusRate": {
    "min": 0.303,
    "p25": 0.42,
    "median": 0.506,
    "mean": 0.5194285714285714,
    "max": 0.749
  },
  "crossRouteRate": {
    "min": 0,
    "p25": 0,
    "median": 0.048,
    "mean": 0.08328571428571428,
    "max": 0.244
  },
  "hardViolationCount": {
    "min": 0,
    "p25": 0,
    "median": 0,
    "mean": 0.9523809523809523,
    "max": 7
  },
  "exemptedCount": {
    "min": 1,
    "p25": 1,
    "median": 1,
    "mean": 1,
    "max": 1
  },
  "constitutionalViolationCount": {
    "min": 0,
    "p25": 4,
    "median": 54,
    "mean": 41.476190476190474,
    "max": 82
  },
  "restCycleCompliance": {
    "min": 1,
    "p25": 1,
    "median": 1,
    "mean": 1,
    "max": 1
  },
  "compositeScore": {
    "min": 22.6,
    "p25": 29.1,
    "median": 38.3,
    "mean": 42.77142857142857,
    "max": 76.3
  },
  "spareUtilizationRate": {
    "min": 0.7220125786163522,
    "p25": 0.9121813031161473,
    "median": 0.977768254138319,
    "mean": 0.9359682201739549,
    "max": 1
  },
  "dayOffSatisfactionRate": null,
  "preferenceSatisfactionRate": {
    "min": 0.34782608695652173,
    "p25": 0.6868435911914174,
    "median": 0.7428571428571429,
    "mean": 0.7769976994169073,
    "max": 1
  }
}