{
  "workDayStdev": {
    "min": 1.4852067564587734,
    "p25": 1.6199501860659207,
    "median": 2.8666975041141867,
    "mean": 3.3648799433855343,
    "max": 8.31324244804637
  },
  "nightStdev": {
    "min": 0,
    "p25": 0,
    "median": 3.8451982074216056,
    "mean": 2.747135515418321,
    "max": 4.159994658116228
  },
  "weekendStdev": {
    "min": 2.290435275226087,
    "p25": 3.2575753225623743,
    "median": 3.3433183781652898,
    "mean": 3.4764515953378208,
    "max": 4.732863826479693
  },
  "activeDriverRate": {
    "min": 0.95,
    "p25": 1,
    "median": 1,
    "mean": 0.9952380952380951,
    "max": 1
  },
  "idleDriverCount": {
    "min": 0,
    "p25": 0,
    "median": 0,
    "mean": 0.09523809523809523,
    "max": 1
  },
  "unfilledRate": {
    "min": 0,
    "p25": 0.051149425287356325,
    "median": 0.12357217030114226,
    "mean": 0.10540620796322225,
    "max": 0.23156801661474558
  },
  "homeBusRate": {
    "min": 0.309,
    "p25": 0.427,
    "median": 0.533,
    "mean": 0.5507619047619048,
    "max": 0.85
  },
  "crossRouteRate": {
    "min": 0,
    "p25": 0,
    "median": 0.047,
    "mean": 0.0849047619047619,
    "max": 0.25
  },
  "hardViolationCount": {
    "min": 0,
    "p25": 0,
    "median": 1,
    "mean": 2.8095238095238093,
    "max": 13
  },
  "constitutionalViolationCount": {
    "min": 3,
    "p25": 9,
    "median": 60,
    "mean": 44.19047619047619,
    "max": 83
  },
  "restCycleCompliance": {
    "min": 1,
    "p25": 1,
    "median": 1,
    "mean": 1,
    "max": 1
  },
  "compositeScore": {
    "min": 0,
    "p25": 19.1,
    "median": 21.9,
    "mean": 21.642857142857146,
    "max": 48.7
  },
  "spareUtilizationRate": {
    "min": 0.342566943674977,
    "p25": 0.6044568245125348,
    "median": 0.7854384997242141,
    "mean": 0.7312220550015217,
    "max": 0.9498607242339834
  },
  "dayOffSatisfactionRate": null,
  "preferenceSatisfactionRate": {
    "min": 0.3333333333333333,
    "p25": 0.6745310245310244,
    "median": 0.7048088972431078,
    "mean": 0.7608031290666187,
    "max": 1
  }
}